provider,provider_code,provider_name,provider_post,provider_mun,canonical_pcode,canonical_name,subdstcode,distcode,distname,subdistrct,region,status,score,note
intl2024,020101,Ainaro,Ainaro,Ainaro,10101,Ainaro,101,1,Ainaro,Ainaro,2,matched,1.00,
intl2024,020107,Suro-Craic,Ainaro,Ainaro,10102,Suro-Craic,101,1,Ainaro,Ainaro,2,matched,1.00,
intl2024,020106,Soro,Ainaro,Ainaro,10103,Soro,101,1,Ainaro,Ainaro,2,matched,1.00,
intl2024,020103,Manutaci,Ainaro,Ainaro,10104,Manutasi,101,1,Ainaro,Ainaro,2,matched,0.88,
intl2024,020102,Cassa,Ainaro,Ainaro,10105,Cassa,101,1,Ainaro,Ainaro,2,matched,1.00,
intl2024,020105,Mau-Ulo,Ainaro,Ainaro,10106,Mau-Ulo,101,1,Ainaro,Ainaro,2,matched,1.00,
intl2024,020104,Mau-Nuno,Ainaro,Ainaro,10107,Mau-Nuno,101,1,Ainaro,Ainaro,2,matched,1.00,
intl2024,020302,Mulo,Hato-Builico,Ainaro,10201,Mulo,102,1,Ainaro,Hatu-Builico,2,matched,1.00,
intl2024,020303,Nuno-Mogue,Hato-Builico,Ainaro,10202,Nuno-Mogue,102,1,Ainaro,Hatu-Builico,2,matched,1.00,
intl2024,020301,Mauchiga,Hato-Builico,Ainaro,10203,Mau-Chiga,102,1,Ainaro,Hatu-Builico,2,matched,1.00,
intl2024,020408,Maubisse,Maubisse,Ainaro,10301,Maubisse,103,1,Ainaro,Maubisse,2,matched,1.00,
intl2024,020406,Manelobas,Maubisse,Ainaro,10302,Manelobas,103,1,Ainaro,Maubisse,2,matched,1.00,
intl2024,020407,Manetú,Maubisse,Ainaro,10303,Manetu,103,1,Ainaro,Maubisse,2,matched,1.00,
intl2024,020401,Aituto,Maubisse,Ainaro,10304,Aitutu,103,1,Ainaro,Maubisse,2,matched,1.00,
intl2024,020402,Edi,Maubisse,Ainaro,10305,Edi,103,1,Ainaro,Maubisse,2,matched,1.00,
intl2024,020409,Maulau,Maubisse,Ainaro,10306,Maulau,103,1,Ainaro,Maubisse,2,matched,1.00,
intl2024,020404,Horai-Quic,Maubisse,Ainaro,10307,Horai-Quic,103,1,Ainaro,Maubisse,2,matched,1.00,
intl2024,020405,Liurai,Maubisse,Ainaro,10308,Suco Liurai,103,1,Ainaro,Maubisse,2,matched,0.75,
intl2024,020403,Fatubessi,Maubisse,Ainaro,10309,Fatu-Besi,103,1,Ainaro,Maubisse,2,matched,1.00,
intl2024,020202,Leolima,Hato-Udo,Ainaro,10401,Leolima,104,1,Ainaro,Hatu-Udo,2,matched,1.00,
intl2024,020201,Foho-Ai-Lico,Hato-Udo,Ainaro,10402,Foho-ai-Lico,104,1,Ainaro,Hatu-Udo,2,matched,1.00,
intl2024,010101,Aissirimou,Aileu Vila,Aileu,20101,Aisirimou,201,2,Aileu,Aileu vila,3,matched,1.00,
intl2024,010102,Bandudato,Aileu Vila,Aileu,20102,Bandudato,201,2,Aileu,Aileu vila,3,matched,1.00,
intl2024,010103,Fahiria,Aileu Vila,Aileu,20103,Fahiria,201,2,Aileu,Aileu vila,3,matched,1.00,
intl2024,010104,Fatubossa,Aileu Vila,Aileu,20104,Fatubosa,201,2,Aileu,Aileu vila,3,matched,1.00,
intl2024,010107,Lahae,Aileu Vila,Aileu,20105,Lahae,201,2,Aileu,Aileu vila,3,matched,1.00,
intl2024,010108,Lauisi,Aileu Vila,Aileu,20106,Lauisi,201,2,Aileu,Aileu vila,3,matched,0.91,
intl2024,010105,Hoholau,Aileu Vila,Aileu,20107,Hoholau,201,2,Aileu,Aileu vila,3,matched,1.00,
intl2024,010112,Seloi Malere,Aileu Vila,Aileu,20108,Seloi Malere,201,2,Aileu,Aileu vila,3,matched,1.00,
intl2024,010111,Seloi Craic,Aileu Vila,Aileu,20109,Seloi Craic,201,2,Aileu,Aileu vila,3,matched,1.00,
intl2024,010110,Saboria,Aileu Vila,Aileu,20110,Saboria,201,2,Aileu,Aileu vila,3,matched,1.00,
intl2024,010113,Suco Liurai,Aileu Vila,Aileu,20111,Suco Liurai,201,2,Aileu,Aileu vila,3,matched,1.00,name~Suco-Liurai(1.00); geom-paired
intl2024,010109,Lequitura,Aileu Vila,Aileu,20112,Lequitura,201,2,Aileu,Aileu vila,3,new,0.57,
intl2024,010106,Hurai-Raco,Aileu Vila,Aileu,20113,Hurai-Raco,201,2,Aileu,Aileu vila,3,new,0.71,
intl2024,010307,Namolesso,Lequidoe,Aileu,20201,Namoleso,202,2,Aileu,Liquidoe,3,matched,1.00,
intl2024,010301,Acubilitoho,Lequidoe,Aileu,20202,Acubilitoho,202,2,Aileu,Liquidoe,3,matched,1.00,
intl2024,010303,Betulau,Lequidoe,Aileu,20203,Betulau,202,2,Aileu,Liquidoe,3,matched,1.00,
intl2024,010305,Faturilau,Lequidoe,Aileu,20204,Faturilau,202,2,Aileu,Liquidoe,3,matched,1.00,
intl2024,010302,Bereleu,Lequidoe,Aileu,20205,Bereleu,202,2,Aileu,Liquidoe,3,matched,1.00,
intl2024,010304,Fahisoi,Lequidoe,Aileu,20206,Fahisoi,202,2,Aileu,Liquidoe,3,matched,1.00,name~Fahisoi(1.00); geom-paired
intl2024,010306,Manucassa,Lequidoe,Aileu,20207,Manucasa,202,2,Aileu,Liquidoe,3,matched,1.00,
intl2024,010401,Acumau,Remexio,Aileu,20301,Acumau,203,2,Aileu,Remexio,3,matched,1.00,
intl2024,010409,Tulataqueo,Remexio,Aileu,20302,Tulataqueo,203,2,Aileu,Remexio,3,matched,1.00,
intl2024,010408,Suco Liurai,Remexio,Aileu,20303,Suco-Liurai,203,2,Aileu,Remexio,3,matched,1.00,
intl2024,010404,Faturasa,Remexio,Aileu,20304,Faturasa,203,2,Aileu,Remexio,3,matched,1.00,
intl2024,010402,Fadabloco,Remexio,Aileu,20305,Fadabloco,203,2,Aileu,Remexio,3,matched,1.00,
intl2024,010407,Maumeta,Remexio,Aileu,20306,Maumeta,203,2,Aileu,Remexio,3,matched,1.00,
intl2024,010405,Hautoho,Remexio,Aileu,20307,Hautoho,203,2,Aileu,Remexio,3,matched,1.00,
intl2024,010403,Fahisoi,Remexio,Aileu,20308,Fahisoi,203,2,Aileu,Remexio,3,matched,1.00,
intl2024,010406,Karahili,Remexio,Aileu,20309,Karahili,203,2,Aileu,Remexio,3,new,0.53,
intl2024,010202,Cotolau,Laulara,Aileu,20401,Cotolau,204,2,Aileu,Laulara,3,matched,1.00,
intl2024,010205,Talitu,Laulara,Aileu,20402,Talitu,204,2,Aileu,Laulara,3,matched,1.00,
intl2024,010204,Madabeno,Laulara,Aileu,20403,Madabeno,204,2,Aileu,Laulara,3,matched,1.00,
intl2024,010206,Tohumeta,Laulara,Aileu,20404,Tohumeta,204,2,Aileu,Laulara,3,matched,1.00,
intl2024,010203,Fatisi,Laulara,Aileu,20405,Fatisi,204,2,Aileu,Laulara,3,matched,1.00,
intl2024,010201,Bocolelo,Laulara,Aileu,20406,Bocolelo,204,2,Aileu,Laulara,3,new,0.56,
intl2024,040201,Bahu,Baucau,Baucau,30101,Bahu,301,3,Baucau,Baucau,1,matched,1.00,
intl2024,040202,Bucoli,Baucau,Baucau,30102,Bucoli,301,3,Baucau,Baucau,1,matched,1.00,
intl2024,040205,Buruma,Baucau,Baucau,30103,Buruma,301,3,Baucau,Baucau,1,matched,1.00,
intl2024,040203,Buibau,Baucau,Baucau,30104,Buibau,301,3,Baucau,Baucau,1,matched,1.00,
intl2024,040213,Uailili,Baucau,Baucau,30105,Wailili,301,3,Baucau,Baucau,1,matched,1.00,
intl2024,040209,Samalari,Baucau,Baucau,30106,Samalari,301,3,Baucau,Baucau,1,matched,1.00,name~Samalari(1.00); geom-paired
intl2024,040208,Gariuai,Baucau,Baucau,30107,Gariuai,301,3,Baucau,Baucau,1,matched,1.00,
intl2024,040212,Triloca,Baucau,Baucau,30108,Triloca,301,3,Baucau,Baucau,1,matched,1.00,
intl2024,040211,Tirilolo,Baucau,Baucau,30109,Trilolo,301,3,Baucau,Baucau,1,matched,0.93,
intl2024,040210,Seiçal,Baucau,Baucau,30110,Seical,301,3,Baucau,Baucau,1,matched,1.00,
intl2024,040206,Caibada,Baucau,Baucau,30111,Caibada,301,3,Baucau,Baucau,1,matched,1.00,
intl2024,040204,Builai,Baucau,Baucau,30112,Builai,301,3,Baucau,Baucau,1,new,0.73,
intl2024,040207,Caibada Macasa'e,Baucau,Baucau,30113,Caibada Macasa'e,301,3,Baucau,Baucau,1,new,0.67,
intl2024,040301,Atelari,Laga,Baucau,30201,Atelari,302,3,Baucau,Laga,1,matched,1.00,
intl2024,040308,Tequinomata,Laga,Baucau,30202,Tequino Mata,302,3,Baucau,Laga,1,matched,1.00,
intl2024,040307,Soba,Laga,Baucau,30203,Soba,302,3,Baucau,Laga,1,matched,1.00,
intl2024,040306,Samalari,Laga,Baucau,30204,Samalari,302,3,Baucau,Laga,1,matched,1.00,
intl2024,040305,Sagadate,Laga,Baucau,30205,Sagadati,302,3,Baucau,Laga,1,matched,0.88,
intl2024,040303,Nunira,Laga,Baucau,30206,Nunira,302,3,Baucau,Laga,1,matched,1.00,
intl2024,040302,Libagua,Laga,Baucau,30207,Libagua,302,3,Baucau,Laga,1,matched,1.00,
intl2024,040304,Saelari,Laga,Baucau,30208,Saelari,302,3,Baucau,Laga,1,matched,1.00,
intl2024,040309,Ueru Mata,Laga,Baucau,30209,Ueru Mata,302,3,Baucau,Laga,1,new,0.71,
intl2024,040501,Baguia,Quelicai,Baucau,30301,Baguia,303,3,Baucau,Quelicai,1,matched,1.00,
intl2024,040503,Lacoliu,Quelicai,Baucau,30302,Locoliu,303,3,Baucau,Quelicai,1,matched,0.86,
intl2024,040504,Letemumo,Quelicai,Baucau,30303,Letemuno,303,3,Baucau,Quelicai,1,matched,0.88,
intl2024,040605,Uaitame,Quelicai Antigo,Baucau,30304,Waitame,308,3,Baucau,Quelicai Antigo,1,matched,1.00,
intl2024,040505,Macalaco,Quelicai,Baucau,30305,Macalaco,303,3,Baucau,Quelicai,1,matched,1.00,
intl2024,040502,Bualale,Quelicai,Baucau,30306,Bualale,303,3,Baucau,Quelicai,1,matched,1.00,
intl2024,040404,Lelalai,Matebian,Baucau,30307,Lelalai,307,3,Baucau,Matebian,1,matched,1.00,
intl2024,040401,Abo,Matebian,Baucau,30308,Abo,307,3,Baucau,Matebian,1,matched,1.00,
intl2024,040603,Guruçà,Quelicai Antigo,Baucau,30309,Guruca,308,3,Baucau,Quelicai Antigo,1,matched,1.00,
intl2024,040602,Afaçà,Quelicai Antigo,Baucau,30310,Afaca,308,3,Baucau,Quelicai Antigo,1,matched,1.00,
intl2024,040403,Laisorolai De Cima,Matebian,Baucau,30311,Laisorolai de Cima,307,3,Baucau,Matebian,1,matched,1.00,
intl2024,040402,Laisorolai De Baixo,Matebian,Baucau,30312,Laisorolai de Baixo,307,3,Baucau,Matebian,1,matched,1.00,
intl2024,040405,Maluro,Matebian,Baucau,30313,Maluro,307,3,Baucau,Matebian,1,matched,1.00,
intl2024,040604,Namanei,Quelicai Antigo,Baucau,30314,Namanei,308,3,Baucau,Quelicai Antigo,1,matched,1.00,
intl2024,040601,Abafala,Quelicai Antigo,Baucau,30315,Abafala,308,3,Baucau,Quelicai Antigo,1,matched,1.00,
intl2024,040101,Afaloicai,Baguia,Baucau,30401,Afaloicai,304,3,Baucau,Baguia,1,matched,1.00,
intl2024,040102,Alawa Craik,Baguia,Baucau,30402,Alaua Craic,304,3,Baucau,Baguia,1,matched,1.00,
intl2024,040103,Alawa Leten,Baguia,Baucau,30403,Alaua Leten,304,3,Baucau,Baguia,1,matched,1.00,
intl2024,040105,Hae Coni,Baguia,Baucau,30404,Haeconi,304,3,Baucau,Baguia,1,matched,1.00,
intl2024,040108,Osso Huna,Baguia,Baucau,30405,Osso-Huna,304,3,Baucau,Baguia,1,matched,1.00,
intl2024,040106,Larisula,Baguia,Baucau,30406,Lari Sula,304,3,Baucau,Baguia,1,matched,1.00,
intl2024,040109,Samalari,Baguia,Baucau,30407,Samalari,304,3,Baucau,Baguia,1,matched,1.00,name~Samalari(1.00); geom-paired
intl2024,040104,Defawasi,Baguia,Baucau,30408,Defa Uassi,304,3,Baucau,Baguia,1,matched,1.00,
intl2024,040107,Lavateri,Baguia,Baucau,30409,Lavateri,304,3,Baucau,Baguia,1,matched,1.00,
intl2024,040110,Uacala,Baguia,Baucau,30410,Uacala,304,3,Baucau,Baguia,1,matched,1.00,
intl2024,040707,Vemasse,Vemasse,Baucau,30501,Vemase,305,3,Baucau,Vemase,1,matched,1.00,
intl2024,040704,Ostico,Vemasse,Baucau,30502,Ostico,305,3,Baucau,Vemase,1,matched,1.00,
intl2024,040703,Ossouala,Vemasse,Baucau,30503,Ossoala,305,3,Baucau,Vemase,1,matched,1.00,
intl2024,040702,Loilubo,Vemasse,Baucau,30504,Loilubo,305,3,Baucau,Vemase,1,matched,1.00,
intl2024,040705,Uaigae,Vemasse,Baucau,30505,Uaigae,305,3,Baucau,Vemase,1,matched,1.00,
intl2024,040706,Uato-Lari,Vemasse,Baucau,30506,Uatu-Lari,305,3,Baucau,Vemase,1,matched,1.00,
intl2024,040701,Caicua,Vemasse,Baucau,30507,Caicua,305,3,Baucau,Vemase,1,matched,1.00,
intl2024,040801,Bado-Ho'o,Venilale,Baucau,30601,Bado Ho'o,306,3,Baucau,Venilale,1,matched,1.00,
intl2024,040802,Baha Mori,Venilale,Baucau,30602,Baha Mori,306,3,Baucau,Venilale,1,matched,1.00,
intl2024,040805,Uailaha,Venilale,Baucau,30603,Uailaha,306,3,Baucau,Venilale,1,matched,1.00,
intl2024,040804,Uai Oli,Venilale,Baucau,30604,Uaiolo,306,3,Baucau,Venilale,1,matched,0.83,
intl2024,040807,Uma Ana Ico,Venilale,Baucau,30605,Uma Ana Ico,306,3,Baucau,Venilale,1,matched,1.00,
intl2024,040808,Uma Ana Ulo,Venilale,Baucau,30606,Uma Ana Ulo,306,3,Baucau,Venilale,1,matched,1.00,
intl2024,040803,Fatulia,Venilale,Baucau,30607,Fatulia,306,3,Baucau,Venilale,1,matched,1.00,
intl2024,040806,Uatu Haco,Venilale,Baucau,30608,Uataco,306,3,Baucau,Venilale,1,matched,0.92,
intl2024,050602,Lahomea,Maliana,Bobonaro,40101,Lahomea,401,4,Bobonaro,Maliana,4,matched,1.00,
intl2024,050604,Raifun,Maliana,Bobonaro,40102,Raifun,401,4,Bobonaro,Maliana,4,matched,1.00,
intl2024,050605,Ritabou,Maliana,Bobonaro,40103,Ritabou,401,4,Bobonaro,Maliana,4,matched,1.00,
intl2024,050603,Odomau,Maliana,Bobonaro,40104,Odomau,401,4,Bobonaro,Maliana,4,matched,1.00,
intl2024,050601,Holsa,Maliana,Bobonaro,40105,Holsa,401,4,Bobonaro,Maliana,4,matched,1.00,
intl2024,050607,Tapo/Memo,Maliana,Bobonaro,40106,Tapo/Memo,401,4,Bobonaro,Maliana,4,matched,1.00,
intl2024,050606,Saburai,Maliana,Bobonaro,40107,Saburai,401,4,Bobonaro,Maliana,4,matched,1.00,
intl2024,050408,Raiheu,Cailaco,Bobonaro,40201,Raiheu,402,4,Bobonaro,Cailaco,4,matched,1.00,
intl2024,050403,Goulolo,Cailaco,Bobonaro,40202,Goulolo,402,4,Bobonaro,Cailaco,4,matched,1.00,
intl2024,050406,Meligo,Cailaco,Bobonaro,40203,Meligo,402,4,Bobonaro,Cailaco,4,matched,1.00,
intl2024,050401,Atudara,Cailaco,Bobonaro,40204,Atudara,402,4,Bobonaro,Cailaco,4,matched,1.00,
intl2024,050407,Purugua,Cailaco,Bobonaro,40205,Purugoa,402,4,Bobonaro,Cailaco,4,matched,1.00,
intl2024,050402,Dau Udo,Cailaco,Bobonaro,40206,Dau Udu,402,4,Bobonaro,Cailaco,4,matched,1.00,
intl2024,050404,Guenu Lai,Cailaco,Bobonaro,40207,Guenu Lai,402,4,Bobonaro,Cailaco,4,matched,1.00,
intl2024,050405,Manapa,Cailaco,Bobonaro,40208,Manapa,402,4,Bobonaro,Cailaco,4,matched,1.00,
intl2024,050201,Balibo Vila,Balibo,Bobonaro,40301,Balibo Vila,403,4,Bobonaro,Balibo,4,matched,1.00,
intl2024,050204,Leohito,Balibo,Bobonaro,40302,Leohito,403,4,Bobonaro,Balibo,4,matched,1.00,
intl2024,050203,Cowa,Balibo,Bobonaro,40303,Cowa,403,4,Bobonaro,Balibo,4,matched,1.00,
intl2024,050205,Leolima,Balibo,Bobonaro,40304,Leolima,403,4,Bobonaro,Balibo,4,matched,1.00,
intl2024,050206,Sanirin,Balibo,Bobonaro,40305,Sanirin,403,4,Bobonaro,Balibo,4,matched,1.00,
intl2024,050202,Batugade,Balibo,Bobonaro,40306,Batugade,403,4,Bobonaro,Balibo,4,matched,1.00,
intl2024,050101,Aidabaleten,Atabae,Bobonaro,40401,Aidabaleten,404,4,Bobonaro,Atabae,4,matched,1.00,
intl2024,050102,Atabae,Atabae,Bobonaro,40402,Atabae,404,4,Bobonaro,Atabae,4,matched,1.00,
intl2024,050104,Rairobo,Atabae,Bobonaro,40403,Rairobo,404,4,Bobonaro,Atabae,4,matched,1.00,
intl2024,050103,Hataz,Atabae,Bobonaro,40404,Hataz,404,4,Bobonaro,Atabae,4,matched,1.00,
intl2024,050507,Opa,Lolotoe,Bobonaro,40501,Opa,405,4,Bobonaro,Lolotoe,4,matched,1.00,
intl2024,050506,Lupal,Lolotoe,Bobonaro,40502,Lupal,405,4,Bobonaro,Lolotoe,4,matched,1.00,
intl2024,050503,Guda,Lolotoe,Bobonaro,40503,Guda,405,4,Bobonaro,Lolotoe,4,matched,1.00,
intl2024,050501,Deudet,Lolotoe,Bobonaro,40504,Deudet,405,4,Bobonaro,Lolotoe,4,matched,1.00,
intl2024,050504,Lebos,Lolotoe,Bobonaro,40505,Lebos,405,4,Bobonaro,Lolotoe,4,matched,1.00,
intl2024,050505,Lontas,Lolotoe,Bobonaro,40506,Lontas,405,4,Bobonaro,Lolotoe,4,matched,1.00,
intl2024,050502,Gildapil,Lolotoe,Bobonaro,40507,Gildapil,405,4,Bobonaro,Lolotoe,4,matched,1.00,
intl2024,050301,Ai-Assa,Bobonaro,Bobonaro,40601,Ai-Assa,406,4,Bobonaro,Bobonaro,4,matched,1.00,
intl2024,050302,Atu-Aben,Bobonaro,Bobonaro,40602,Atu-Aben,406,4,Bobonaro,Bobonaro,4,matched,1.00,
intl2024,050303,Bobonaro,Bobonaro,Bobonaro,40603,Bobonaro,406,4,Bobonaro,Bobonaro,4,matched,1.00,
intl2024,050304,Carabau,Bobonaro,Bobonaro,40604,Carabau,406,4,Bobonaro,Bobonaro,4,matched,1.00,
intl2024,050305,Colimau,Bobonaro,Bobonaro,40605,Colimau,406,4,Bobonaro,Bobonaro,4,matched,1.00,
intl2024,050306,Cota Bo'ot,Bobonaro,Bobonaro,40606,Cotabot,406,4,Bobonaro,Bobonaro,4,matched,1.00,
intl2024,050310,Lourba,Bobonaro,Bobonaro,40607,Lourba,406,4,Bobonaro,Bobonaro,4,matched,1.00,
intl2024,050309,Lour,Bobonaro,Bobonaro,40608,Lour,406,4,Bobonaro,Bobonaro,4,matched,1.00,
intl2024,050308,Leber,Bobonaro,Bobonaro,40609,Leber,406,4,Bobonaro,Bobonaro,4,matched,1.00,
intl2024,050312,Malilait,Bobonaro,Bobonaro,40610,Malilait,406,4,Bobonaro,Bobonaro,4,matched,1.00,
intl2024,050313,Molop,Bobonaro,Bobonaro,40611,Molop,406,4,Bobonaro,Bobonaro,4,matched,1.00,
intl2024,050311,Maliubu,Bobonaro,Bobonaro,40612,Male-Ubu,406,4,Bobonaro,Bobonaro,4,matched,0.86,
intl2024,050314,Oeleo,Bobonaro,Bobonaro,40613,Oe-leu,406,4,Bobonaro,Bobonaro,4,matched,1.00,
intl2024,050316,Soileco,Bobonaro,Bobonaro,40614,Soilesu,406,4,Bobonaro,Bobonaro,4,matched,0.86,
intl2024,050315,Sibuni,Bobonaro,Bobonaro,40615,Sibuni,406,4,Bobonaro,Bobonaro,4,matched,1.00,
intl2024,050317,Tapo,Bobonaro,Bobonaro,40616,Tapo,406,4,Bobonaro,Bobonaro,4,matched,1.00,
intl2024,050318,Tebabui,Bobonaro,Bobonaro,40617,Tebabui,406,4,Bobonaro,Bobonaro,4,matched,1.00,
intl2024,050307,Ilat-Laun,Bobonaro,Bobonaro,40618,Ilat-Laun,406,4,Bobonaro,Bobonaro,4,matched,1.00,
intl2024,060101,Fatululic,Fatululic,Covalima,50101,Fatululic,501,5,Covalima,Fatululic,4,matched,1.00,
intl2024,060102,Taroman,Fatululic,Covalima,50102,Taroman,501,5,Covalima,Fatululic,4,matched,1.00,
intl2024,060202,Fatumea,Fatumean,Covalima,50201,Fatumea,502,5,Covalima,Fatumean,4,matched,1.00,
intl2024,060201,Belulic Leten,Fatumean,Covalima,50202,Belulic Leten,502,5,Covalima,Fatumean,4,matched,1.00,
intl2024,060203,Nanu,Fatumean,Covalima,50203,Nanu,502,5,Covalima,Fatumean,4,matched,1.00,
intl2024,060303,Fohoren,Fohorem,Covalima,50301,Fohoren,503,5,Covalima,Forohem,4,matched,1.00,
intl2024,060304,Lactos,Fohorem,Covalima,50302,Lactos,503,5,Covalima,Forohem,4,matched,1.00,
intl2024,060301,Dato Rua,Fohorem,Covalima,50303,Dato Rua,503,5,Covalima,Forohem,4,matched,1.00,
intl2024,060302,Dato Tolu,Fohorem,Covalima,50304,Dato Tolu,503,5,Covalima,Forohem,4,matched,1.00,
intl2024,060402,Holpilat,Maucatar,Covalima,50401,Holpilat,504,5,Covalima,Maucatar,4,matched,1.00,
intl2024,060404,Ogues,Maucatar,Covalima,50402,Ogues,504,5,Covalima,Maucatar,4,matched,1.00,
intl2024,060403,Matai,Maucatar,Covalima,50403,Matai,504,5,Covalima,Maucatar,4,matched,1.00,
intl2024,060401,Belecasac,Maucatar,Covalima,50404,Belecasac,504,5,Covalima,Maucatar,4,matched,1.00,
intl2024,060501,Beco,Suai,Covalima,50501,Beco,505,5,Covalima,Suai,4,matched,1.00,
intl2024,060503,Debos,Suai,Covalima,50502,Debos,505,5,Covalima,Suai,4,matched,1.00,
intl2024,060505,Suai Loro,Suai,Covalima,50503,Suai Loro,505,5,Covalima,Suai,4,matched,1.00,
intl2024,060502,Camenaça,Suai,Covalima,50504,Camenaça,505,5,Covalima,Suai,4,matched,1.00,
intl2024,060504,Labarai,Suai,Covalima,50505,Labarai,505,5,Covalima,Suai,4,matched,1.00,
intl2024,060601,Beiseuc,Tilomar,Covalima,50601,Beiseuc,506,5,Covalima,Tilomar,4,rename,0.55,name~?(0.55); geom-paired
intl2024,060603,Lalawa,Tilomar,Covalima,50602,Lalawa,506,5,Covalima,Tilomar,4,matched,1.00,
intl2024,060604,Maudemo,Tilomar,Covalima,50603,Maudemo,506,5,Covalima,Tilomar,4,matched,1.00,
intl2024,060602,Casabauc,Tilomar,Covalima,50604,Casabauc,506,5,Covalima,Tilomar,4,matched,1.00,
intl2024,060705,Raimea,Zumalai,Covalima,50701,Raimea,507,5,Covalima,Zumalai,4,matched,1.00,
intl2024,060708,Zulo,Zumalai,Covalima,50702,Zulo,507,5,Covalima,Zumalai,4,matched,1.00,
intl2024,060703,Lour,Zumalai,Covalima,50703,Lour,507,5,Covalima,Zumalai,4,matched,1.00,
intl2024,060701,Fatuleto,Zumalai,Covalima,50704,Fatuleto,507,5,Covalima,Zumalai,4,matched,1.00,
intl2024,060704,Mape,Zumalai,Covalima,50705,Mape,507,5,Covalima,Zumalai,4,matched,1.00,
intl2024,060702,Lepo,Zumalai,Covalima,50706,Lepo,507,5,Covalima,Zumalai,4,matched,1.00,
intl2024,060707,Ucecai,Zumalai,Covalima,50707,Ucecai,507,5,Covalima,Zumalai,4,matched,1.00,
intl2024,060706,Tashilin,Zumalai,Covalima,50708,Tashilin,507,5,Covalima,Zumalai,4,matched,1.00,
intl2024,070504,Lahane Ocidental,Vera Cruz,Dili,60101,Lahane Ocidental,601,6,Dili,Vera Cruz,3,matched,1.00,
intl2024,070507,Vila Verde,Vera Cruz,Dili,60102,Vila Verde,601,6,Dili,Vera Cruz,3,matched,1.00,
intl2024,070505,Mascarenhas,Vera Cruz,Dili,60103,Macarenhas,601,6,Dili,Vera Cruz,3,matched,0.95,
intl2024,070501,Caicoli,Vera Cruz,Dili,60104,Caicoli,601,6,Dili,Vera Cruz,3,matched,1.00,
intl2024,070502,Colmera,Vera Cruz,Dili,60105,Colmera,601,6,Dili,Vera Cruz,3,matched,1.00,
intl2024,070506,Motael,Vera Cruz,Dili,60106,Motael,601,6,Dili,Vera Cruz,3,matched,1.00,
intl2024,070503,Dare,Vera Cruz,Dili,60107,Dare,601,6,Dili,Vera Cruz,3,matched,1.00,
intl2024,070406,Santa Cruz,Nain Feto,Dili,60201,Santa Cruz,602,6,Dili,Nain Feto,3,matched,1.00,
intl2024,070401,Acadiru Hun,Nain Feto,Dili,60202,Acadiru Hun,602,6,Dili,Nain Feto,3,matched,1.00,
intl2024,070402,Bemori,Nain Feto,Dili,60203,Bemori,602,6,Dili,Nain Feto,3,matched,1.00,
intl2024,070405,Lahane Oriental,Nain Feto,Dili,60204,Lahane Oriental,602,6,Dili,Nain Feto,3,matched,1.00,
intl2024,070403,Bidau Lecidere,Nain Feto,Dili,60205,Bidau Lecidere,602,6,Dili,Nain Feto,3,matched,1.00,
intl2024,070404,Gricenfor,Nain Feto,Dili,60206,Gricenfor,602,6,Dili,Nain Feto,3,matched,1.00,
intl2024,070302,Sabuli,Metinaro,Dili,60301,Sabuli,603,6,Dili,Metinaro,3,matched,1.00,
intl2024,070303,Wenunuk,Metinaro,Dili,60302,Wenunuk,603,6,Dili,Metinaro,3,rename,0.50,name~?(0.50); geom-paired
intl2024,070301,Mantelolão,Metinaro,Dili,60303,Mantelolão,603,6,Dili,Metinaro,3,new,0.50,
intl2024,070204,Fatuhada,Dom Aleixo,Dili,60501,Fatuhada,605,6,Dili,Dom Aleixo,3,matched,1.00,
intl2024,070205,Kampung Alor,Dom Aleixo,Dili,60502,Kampung Alor,605,6,Dili,Dom Aleixo,3,matched,1.00,
intl2024,070203,Comoro,Dom Aleixo,Dili,60503,Comoro,605,6,Dili,Dom Aleixo,3,matched,1.00,
intl2024,070201,Bairro Pite,Dom Aleixo,Dili,60504,Bairro Pite,605,6,Dili,Dom Aleixo,3,matched,1.00,
intl2024,070202,Bebonuk,Dom Aleixo,Dili,60505,Bebonuk,605,6,Dili,Dom Aleixo,3,new,0.46,
intl2024,070206,Madohi,Dom Aleixo,Dili,60506,Madohi,605,6,Dili,Dom Aleixo,3,new,0.55,
intl2024,070207,Manleuana,Dom Aleixo,Dili,60507,Manleuana,605,6,Dili,Dom Aleixo,3,new,0.56,
intl2024,070106,Culu Hun,Cristo Rei,Dili,60601,Culu Hun,606,6,Dili,Cristo Rei,3,matched,1.00,
intl2024,070103,Becora,Cristo Rei,Dili,60602,Becora,606,6,Dili,Cristo Rei,3,matched,1.00,
intl2024,070105,Camea,Cristo Rei,Dili,60603,Camea,606,6,Dili,Cristo Rei,3,matched,1.00,
intl2024,070107,Hera,Cristo Rei,Dili,60604,Hera,606,6,Dili,Cristo Rei,3,matched,1.00,
intl2024,070102,Balibar,Cristo Rei,Dili,60605,Balibar,606,6,Dili,Cristo Rei,3,matched,1.00,
intl2024,070108,Meti Aut,Cristo Rei,Dili,60606,Meti Aut,606,6,Dili,Cristo Rei,3,matched,1.00,
intl2024,070104,Bidau Santana,Cristo Rei,Dili,60607,Bidau Santana,606,6,Dili,Cristo Rei,3,matched,1.00,
intl2024,070101,Ailok,Cristo Rei,Dili,60608,Ailok,606,6,Dili,Cristo Rei,3,new,0.50,
intl2024,080603,Liho,Railaco,Ermera,70101,Lihu,701,7,Ermera,Railaco,3,matched,1.00,
intl2024,080604,Matata,Railaco,Ermera,70102,Matata,701,7,Ermera,Railaco,3,matched,1.00,
intl2024,080609,Tocoluli,Railaco,Ermera,70103,Tocoluli,701,7,Ermera,Railaco,3,matched,1.00,
intl2024,080602,Fatuquero,Railaco,Ermera,70104,Fatuquero,701,7,Ermera,Railaco,3,matched,1.00,
intl2024,080605,Railaco Craic,Railaco,Ermera,70105,Railaco Craic,701,7,Ermera,Railaco,3,matched,1.00,
intl2024,080606,Railaco Leten,Railaco,Ermera,70106,Railaco Leten,701,7,Ermera,Railaco,3,matched,1.00,
intl2024,080607,Samalete,Railaco,Ermera,70107,Samalete,701,7,Ermera,Railaco,3,matched,1.00,
intl2024,080601,Deleso,Railaco,Ermera,70108,Deleco,701,7,Ermera,Railaco,3,matched,0.83,
intl2024,080608,Taraco,Railaco,Ermera,70109,Taraço,701,7,Ermera,Railaco,3,matched,1.00,
intl2024,080206,Poetete,Ermera,Ermera,70201,Poetete,702,7,Ermera,Ermera,3,matched,1.00,
intl2024,080209,Ponilala,Ermera,Ermera,70202,Ponilala,702,7,Ermera,Ermera,3,matched,1.00,
intl2024,080212,Talimoro,Ermera,Ermera,70203,Talimoro,702,7,Ermera,Ermera,3,matched,1.00,
intl2024,080205,Mertuto,Ermera,Ermera,70204,Mirtutu,702,7,Ermera,Ermera,3,matched,0.86,
intl2024,080204,Leguimea,Ermera,Ermera,70205,Leguimea,702,7,Ermera,Ermera,3,matched,1.00,
intl2024,080202,Humboe,Ermera,Ermera,70206,Humboe,702,7,Ermera,Ermera,3,matched,1.00,
intl2024,080211,Riheu,Ermera,Ermera,70207,Riheu,702,7,Ermera,Ermera,3,matched,1.00,
intl2024,080203,Lauala,Ermera,Ermera,70208,Lauala,702,7,Ermera,Ermera,3,matched,1.00,
intl2024,080210,Raimerhei,Ermera,Ermera,70209,Raimerhei,702,7,Ermera,Ermera,3,matched,1.00,
intl2024,080201,Estado,Ermera,Ermera,70210,Estado,702,7,Ermera,Ermera,3,matched,1.00,
intl2024,080207,Poetete Lodudu,Ermera,Ermera,70211,Poetete Lodudu,702,7,Ermera,Ermera,3,new,0.70,
intl2024,080208,Poetete Vila,Ermera,Ermera,70212,Poetete Vila,702,7,Ermera,Ermera,3,new,0.78,
intl2024,080504,Ducurai,Letefoho,Ermera,70301,Ducurai,703,7,Ermera,Letefoho,3,matched,1.00,
intl2024,080508,Haupu,Letefoho,Ermera,70302,Haupu,703,7,Ermera,Letefoho,3,matched,1.00,
intl2024,080509,Lauana,Letefoho,Ermera,70303,Lauana,703,7,Ermera,Letefoho,3,matched,1.00,
intl2024,080502,Catrai Caraic,Letefoho,Ermera,70304,Catrai-Craic,703,7,Ermera,Letefoho,3,matched,0.96,
intl2024,080503,Catraileten,Letefoho,Ermera,70305,Catrai Leten,703,7,Ermera,Letefoho,3,matched,1.00,
intl2024,080506,Goulolo,Letefoho,Ermera,70306,Goulolo,703,7,Ermera,Letefoho,3,matched,1.00,
intl2024,080505,Eraulo,Letefoho,Ermera,70307,Eraulo,703,7,Ermera,Letefoho,3,matched,1.00,
intl2024,080507,Hatugau,Letefoho,Ermera,70308,Hatugau,703,7,Ermera,Letefoho,3,matched,1.00,
intl2024,080501,Assui-Lau,Letefoho,Ermera,70309,Assui-Lau,703,7,Ermera,Letefoho,3,new,0.92,
intl2024,080111,Paramin,Atsabe,Ermera,70401,Paramin,704,7,Ermera,Atsabe,3,matched,1.00,
intl2024,080101,Atara,Atsabe,Ermera,70402,Atara,704,7,Ermera,Atsabe,3,matched,1.00,
intl2024,080102,Baboi Craic,Atsabe,Ermera,70403,Baboi Craic,704,7,Ermera,Atsabe,3,matched,1.00,
intl2024,080110,Obulo,Atsabe,Ermera,70404,Obulo,704,7,Ermera,Atsabe,3,matched,1.00,
intl2024,080105,Lacao,Atsabe,Ermera,70405,Lasaun,704,7,Ermera,Atsabe,3,matched,0.80,name~Laclo(0.80); geom-paired
intl2024,080104,Batu Mano,Atsabe,Ermera,70406,Batumanu,704,7,Ermera,Atsabe,3,matched,1.00,
intl2024,080112,Tiarlelo,Atsabe,Ermera,70407,Tiarlelo,704,7,Ermera,Atsabe,3,matched,1.00,
intl2024,080107,Laubono,Atsabe,Ermera,70408,Laubono,704,7,Ermera,Atsabe,3,matched,1.00,
intl2024,080109,Malabe,Atsabe,Ermera,70409,Malabe,704,7,Ermera,Atsabe,3,rename,0.63,name~?(0.63); geom-paired
intl2024,080108,Leimea Leten,Atsabe,Ermera,70410,Leimea Leten,704,7,Ermera,Atsabe,3,matched,1.00,
intl2024,080106,Laclo,Atsabe,Ermera,70411,Laclo,704,7,Ermera,Atsabe,3,matched,1.00,
intl2024,080103,Baboi Leten,Atsabe,Ermera,70412,Beboi Leten,704,7,Ermera,Atsabe,3,matched,0.90,
intl2024,080307,Leimea-Sorinbalo,Hatulia A,Ermera,70501,Leimea Sorimbalu,705,7,Ermera,Hatolia,3,matched,0.93,
intl2024,080303,Coliate-Leotelo,Hatulia A,Ermera,70502,Coliate-Leotelo,705,7,Ermera,Hatolia,3,matched,1.00,
intl2024,080301,Aculau,Hatulia A,Ermera,70503,Asulau,705,7,Ermera,Hatolia,3,matched,0.83,
intl2024,080302,Ailelo,Hatulia A,Ermera,70504,Ailelo,705,7,Ermera,Hatolia,3,matched,1.00,
intl2024,080306,Leimea-Craic,Hatulia A,Ermera,70505,Leimeacraic,705,7,Ermera,Hatolia,3,matched,1.00,
intl2024,080309,Samara,Hatulia A,Ermera,70506,Samara,705,7,Ermera,Hatolia,3,matched,1.00,
intl2024,080308,Manusae,Hatulia A,Ermera,70507,Manusae,705,7,Ermera,Hatolia,3,matched,1.00,
intl2024,080305,Hatolia Vila,Hatulia A,Ermera,70508,Hatolia,705,7,Ermera,Hatolia,3,matched,0.78,
intl2024,080405,Urahou,Hatulia B,Ermera,70509,Urahou,706,7,Ermera,Hatulia B,3,matched,1.00,
intl2024,080404,Mau-Ubo,Hatulia B,Ermera,70510,Mau-Ubu,706,7,Ermera,Hatulia B,3,matched,1.00,
intl2024,080403,Lisapat,Hatulia B,Ermera,70511,Lissapat,706,7,Ermera,Hatulia B,3,matched,1.00,
intl2024,080402,Fatubolo,Hatulia B,Ermera,70512,Fatubolu,706,7,Ermera,Hatulia B,3,matched,1.00,
intl2024,080401,Fatubessi,Hatulia B,Ermera,70513,Fatubessi,706,7,Ermera,Hatulia B,3,matched,1.00,
intl2024,080304,Coliate Leten,Hatulia A,Ermera,70514,Coliate Leten,705,7,Ermera,Hatolia,3,new,0.85,
intl2024,100102,Fatumasi,Bazartete,Liquiçá,80101,Fatumasi,801,8,Liquiçá,Bazartete,4,matched,1.00,
intl2024,100101,Fahilebo,Bazartete,Liquiçá,80102,Fahilebo,801,8,Liquiçá,Bazartete,4,matched,1.00,
intl2024,100108,Tibar,Bazartete,Liquiçá,80103,Tibar,801,8,Liquiçá,Bazartete,4,matched,1.00,
intl2024,100107,Motaulun,Bazartete,Liquiçá,80104,Motaulun,801,8,Liquiçá,Bazartete,4,matched,1.00,
intl2024,100106,Metagou,Bazartete,Liquiçá,80105,Metagou,801,8,Liquiçá,Bazartete,4,matched,1.00,
intl2024,100103,Lauhata,Bazartete,Liquiçá,80106,Lauhata,801,8,Liquiçá,Bazartete,4,matched,1.00,
intl2024,100104,Leorema,Bazartete,Liquiçá,80107,Leorema,801,8,Liquiçá,Bazartete,4,matched,1.00,
intl2024,100105,Maumeta,Bazartete,Liquiçá,80108,Maumeta,801,8,Liquiçá,Bazartete,4,matched,1.00,
intl2024,100109,Ulmera,Bazartete,Liquiçá,80109,Ulmera,801,8,Liquiçá,Bazartete,4,matched,1.00,
intl2024,100203,Dato,Liquiçá,Liquiçá,80201,Dato,802,8,Liquiçá,Liquiçá,4,matched,1.00,
intl2024,100206,Loidahar,Liquiçá,Liquiçá,80202,Loidahar,802,8,Liquiçá,Liquiçá,4,matched,1.00,
intl2024,100202,Darulete,Liquiçá,Liquiçá,80203,Darulete,802,8,Liquiçá,Liquiçá,4,matched,1.00,
intl2024,100207,Luculai,Liquiçá,Liquiçá,80204,Luculai,802,8,Liquiçá,Liquiçá,4,matched,1.00,
intl2024,100204,Hatuquessi,Liquiçá,Liquiçá,80205,Hatuquessi,802,8,Liquiçá,Liquiçá,4,matched,1.00,
intl2024,100201,Açumanu,Liquiçá,Liquiçá,80206,Açumano,802,8,Liquiçá,Liquiçá,4,matched,1.00,
intl2024,100205,Leotala,Liquiçá,Liquiçá,80207,Leoteala,802,8,Liquiçá,Liquiçá,4,matched,0.93,
intl2024,100302,Lissadila,Loes,Liquiçá,80301,Lissadila,804,8,Liquiçá,Loes,4,matched,1.00,
intl2024,100301,Guiço,Loes,Liquiçá,80302,Guiço,804,8,Liquiçá,Loes,4,matched,1.00,
intl2024,100403,Vatuvou,Maubara,Liquiçá,80303,Vatuvou,803,8,Liquiçá,Maubara,4,matched,1.00,
intl2024,100303,Vatuboro,Loes,Liquiçá,80304,Vatuboro,804,8,Liquiçá,Loes,4,matched,1.00,
intl2024,100402,Maubaralisa,Maubara,Liquiçá,80305,Maubaralissa,803,8,Liquiçá,Maubara,4,matched,1.00,
intl2024,100404,Vaviquinia,Maubara,Liquiçá,80306,Vaviquinia,803,8,Liquiçá,Maubara,4,matched,1.00,
intl2024,100401,Gugleur,Maubara,Liquiçá,80307,Gugleur,803,8,Liquiçá,Maubara,4,matched,1.00,
intl2024,090301,Bauro,Lospalos,Lautém,90101,Bauro,901,9,Lautem,Lospalos,1,matched,1.00,
intl2024,090303,Fuiloro,Lospalos,Lautém,90102,Fuiloro,901,9,Lautem,Lospalos,1,matched,1.00,
intl2024,090304,Home,Lospalos,Lautém,90103,Home,901,9,Lautem,Lospalos,1,matched,1.00,
intl2024,090302,Cacavei,Lospalos,Lautém,90104,Cacavem,901,9,Lautem,Lospalos,1,matched,0.86,
intl2024,090305,Leuro,Lospalos,Lautém,90105,Leuro,901,9,Lautem,Lospalos,1,matched,1.00,
intl2024,090501,Lore 1,Lore,Lautém,90106,Lore I,906,9,Lautem,Lore,1,matched,1.00,
intl2024,090502,Lore 2,Lore,Lautém,90107,Lore II,906,9,Lautem,Lore,1,matched,1.00,
intl2024,090306,Muapitine,Lospalos,Lautém,90108,Muapitine,901,9,Lautem,Lospalos,1,matched,1.00,
intl2024,090307,Raça,Lospalos,Lautém,90109,Raça,901,9,Lautem,Lospalos,1,matched,1.00,
intl2024,090308,Souro,Lospalos,Lautém,90110,Souro,901,9,Lautem,Lospalos,1,matched,1.00,
intl2024,090201,Baduro,Lautém,Lautém,90201,Baduro,902,9,Lautem,Lautem,1,matched,1.00,
intl2024,090202,Com,Lautém,Lautém,90202,Com,902,9,Lautem,Lautem,1,matched,1.00,
intl2024,090203,Daudere,Lautém,Lautém,90203,Daudare,902,9,Lautem,Lautem,1,matched,0.86,
intl2024,090204,Euquisi,Lautém,Lautém,90204,Euquisi,902,9,Lautem,Lautem,1,matched,1.00,
intl2024,090205,Ililai,Lautém,Lautém,90205,Ililai,902,9,Lautem,Lautem,1,matched,1.00,
intl2024,090206,Maina 1,Lautém,Lautém,90206,Maina II,902,9,Lautem,Lautem,1,matched,0.83,
intl2024,090207,Maina 2,Lautém,Lautém,90207,Maina II,902,9,Lautem,Lautem,1,matched,1.00,name~Maina II(1.00); geom-paired
intl2024,090208,Pairara,Lautém,Lautém,90208,Pairara,902,9,Lautem,Lautem,1,matched,1.00,
intl2024,090209,Parlamento,Lautém,Lautém,90209,Parlamento,902,9,Lautem,Lautem,1,matched,1.00,
intl2024,090210,Serelau,Lautém,Lautém,90210,Serelau,902,9,Lautem,Lautem,1,matched,1.00,
intl2024,090101,Aelebere,Iliomar,Lautém,90301,Ailebere,903,9,Lautem,Iliomar,1,matched,0.88,
intl2024,090102,Caenlio,Iliomar,Lautém,90302,Cainliu,903,9,Lautem,Iliomar,1,matched,0.86,
intl2024,090103,Fuat,Iliomar,Lautém,90303,Fuat,903,9,Lautem,Iliomar,1,matched,1.00,
intl2024,090104,Iliomar 1,Iliomar,Lautém,90304,Iliomar I,903,9,Lautem,Iliomar,1,matched,1.00,
intl2024,090105,Iliomar 2,Iliomar,Lautém,90305,Iliomar II,903,9,Lautem,Iliomar,1,matched,1.00,
intl2024,090106,Tirilolo,Iliomar,Lautém,90306,Tirilolo,903,9,Lautem,Iliomar,1,matched,1.00,
intl2024,090401,Afabubu,Luro,Lautém,90401,Afabubu,904,9,Lautem,Luro,1,matched,1.00,
intl2024,090402,Baricafa,Luro,Lautém,90402,Baricafa,904,9,Lautem,Luro,1,matched,1.00,
intl2024,090403,Cotamutu,Luro,Lautém,90403,Cotamutu,904,9,Lautem,Luro,1,matched,1.00,
intl2024,090404,Lacawa,Luro,Lautém,90404,Lacawa,904,9,Lautem,Luro,1,matched,1.00,
intl2024,090405,Luro,Luro,Lautém,90405,Luro,904,9,Lautem,Luro,1,matched,1.00,
intl2024,090406,Wairoque,Luro,Lautém,90406,Wairoce,904,9,Lautem,Luro,1,matched,1.00,
intl2024,090601,Mehara,Tutuala,Lautém,90501,Mehara,905,9,Lautem,Tutuala,1,matched,1.00,
intl2024,090602,Tutuala,Tutuala,Lautém,90502,Tutuala,905,9,Lautem,Tutuala,1,matched,1.00,
intl2024,120306,Letefoho,Same,Manufahi,100101,Letefoho,1001,10,Manufahi,Same,2,matched,1.00,
intl2024,120305,Holarua,Same,Manufahi,100102,Holarua,1001,10,Manufahi,Same,2,matched,1.00,
intl2024,120301,Babulo,Same,Manufahi,100103,Babulo,1001,10,Manufahi,Same,2,matched,1.00,
intl2024,120302,Betano,Same,Manufahi,100104,Betano,1001,10,Manufahi,Same,2,matched,1.00,
intl2024,120303,Dai-Sua,Same,Manufahi,100105,Daisua,1001,10,Manufahi,Same,2,matched,1.00,
intl2024,120304,Grotu,Same,Manufahi,100106,Grotu,1001,10,Manufahi,Same,2,matched,1.00,
intl2024,120307,Rotuto,Same,Manufahi,100107,Rotuto,1001,10,Manufahi,Same,2,matched,1.00,
intl2024,120308,Tutuluro,Same,Manufahi,100108,Tutuluro,1001,10,Manufahi,Same,2,matched,1.00,
intl2024,120101,Aituha,Alas,Manufahi,100201,Aituha,1002,10,Manufahi,Alas,2,matched,1.00,
intl2024,120102,Dotik,Alas,Manufahi,100202,Dotic,1002,10,Manufahi,Alas,2,matched,1.00,
intl2024,120105,Taitudac,Alas,Manufahi,100203,Taitudac,1002,10,Manufahi,Alas,2,matched,1.00,
intl2024,120103,Mahaquidan,Alas,Manufahi,100204,Mahaquidan,1002,10,Manufahi,Alas,2,matched,1.00,
intl2024,120106,Uma Berloic,Alas,Manufahi,100205,Uma Berloic,1002,10,Manufahi,Alas,2,matched,1.00,
intl2024,120104,Tahu-Bein,Alas,Manufahi,100206,Tahu-Bein,1002,10,Manufahi,Alas,2,new,0.56,
intl2024,120201,Bubussuso,Fatuberlio,Manufahi,100301,Bubususo,1003,10,Manufahi,Fatuberliu,2,matched,1.00,
intl2024,120203,Clacuc,Fatuberlio,Manufahi,100302,Clacuc,1003,10,Manufahi,Fatuberliu,2,matched,1.00,
intl2024,120204,Fahinehan,Fatuberlio,Manufahi,100303,Fahinehan,1003,10,Manufahi,Fatuberliu,2,matched,1.00,
intl2024,120205,Fatukahi,Fatuberlio,Manufahi,100304,Fatucahi,1003,10,Manufahi,Fatuberliu,2,matched,1.00,
intl2024,120202,Caicassa,Fatuberlio,Manufahi,100305,Caicasa,1003,10,Manufahi,Fatuberliu,2,matched,1.00,
intl2024,120401,Aitemua,Turiscai,Manufahi,100401,Aitemua,1004,10,Manufahi,Turiscai,2,matched,1.00,
intl2024,120402,Beremana,Turiscai,Manufahi,100402,Beremana,1004,10,Manufahi,Turiscai,2,matched,1.00,
intl2024,120403,Caimauc,Turiscai,Manufahi,100403,Caimauc,1004,10,Manufahi,Turiscai,2,matched,1.00,
intl2024,120406,Lessuata,Turiscai,Manufahi,100404,Lesuata,1004,10,Manufahi,Turiscai,2,matched,1.00,
intl2024,120407,Liurai,Turiscai,Manufahi,100405,Liurai,1004,10,Manufahi,Turiscai,2,matched,1.00,
intl2024,120408,Manumera,Turiscai,Manufahi,100406,Manumera,1004,10,Manufahi,Turiscai,2,matched,1.00,
intl2024,120409,Matorec,Turiscai,Manufahi,100407,Matorec,1004,10,Manufahi,Turiscai,2,matched,1.00,
intl2024,120410,Mindelo,Turiscai,Manufahi,100408,Mindelo,1004,10,Manufahi,Turiscai,2,matched,1.00,
intl2024,120411,Orana,Turiscai,Manufahi,100409,Orana,1004,10,Manufahi,Turiscai,2,matched,1.00,
intl2024,120405,Foholau,Turiscai,Manufahi,100410,Foholau,1004,10,Manufahi,Turiscai,2,matched,1.00,
intl2024,120404,Fatucalo,Turiscai,Manufahi,100411,Fatucalo,1004,10,Manufahi,Turiscai,2,matched,1.00,
intl2024,110503,Cribas,Manatuto,Manatuto,110101,Cribas,1101,11,Manatuto,Manatuto,2,matched,1.00,
intl2024,110502,Aiteas,Manatuto,Manatuto,110102,Aiteas,1101,11,Manatuto,Manatuto,2,matched,1.00,
intl2024,110505,Ma'Abat,Manatuto,Manatuto,110103,Ma'abat,1101,11,Manatuto,Manatuto,2,matched,1.00,
intl2024,110506,Sau,Manatuto,Manatuto,110104,Sau,1101,11,Manatuto,Manatuto,2,matched,1.00,
intl2024,110504,Iliheu,Manatuto,Manatuto,110105,Iliheu,1101,11,Manatuto,Manatuto,2,matched,1.00,
intl2024,110501,Ailili,Manatuto,Manatuto,110106,Ailili,1101,11,Manatuto,Manatuto,2,matched,1.00,
intl2024,110403,Lifau,Laleia,Manatuto,110201,Lifau,1102,11,Manatuto,Laleia,2,matched,1.00,
intl2024,110402,Haturalan,Laleia,Manatuto,110202,Haturalan,1102,11,Manatuto,Laleia,2,matched,1.00,
intl2024,110401,Cairui,Laleia,Manatuto,110203,Cairui,1102,11,Manatuto,Laleia,2,matched,1.00,
intl2024,110202,Lacumesac,Laclo,Manatuto,110301,Lacumesac,1103,11,Manatuto,Laclo,2,matched,1.00,
intl2024,110204,Uma Caduak,Laclo,Manatuto,110302,Umacaduac,1103,11,Manatuto,Laclo,2,matched,1.00,
intl2024,110205,Uma Naruc,Laclo,Manatuto,110303,Uma Naruc,1103,11,Manatuto,Laclo,2,matched,1.00,
intl2024,110201,Hohorai,Laclo,Manatuto,110304,Hohorai,1103,11,Manatuto,Laclo,2,matched,1.00,
intl2024,110203,Laicore,Laclo,Manatuto,110305,Laicore,1103,11,Manatuto,Laclo,2,new,0.62,
intl2024,110605,Samoro,Soibada,Manatuto,110401,Samoro,1104,11,Manatuto,Soibada,2,matched,1.00,
intl2024,110602,Leo-Hat,Soibada,Manatuto,110402,Leo Hat,1104,11,Manatuto,Soibada,2,matched,1.00,
intl2024,110601,Fatumaquerec,Soibada,Manatuto,110403,Fatumacerec,1104,11,Manatuto,Soibada,2,matched,1.00,name~Fatumaquerec(1.00); geom-paired
intl2024,110603,Manlala,Soibada,Manatuto,110404,Manlala,1104,11,Manatuto,Soibada,2,matched,1.00,
intl2024,110604,Maun-Fahe,Soibada,Manatuto,110405,Manufahi,1104,11,Manatuto,Soibada,2,matched,0.77,
intl2024,110102,Aubeon,Barique,Manatuto,110501,Aubeon,1107,11,Manatuto,Barique,2,matched,1.00,
intl2024,110105,Uma Boco,Barique,Manatuto,110502,Uma Boco,1107,11,Manatuto,Barique,2,matched,1.00,
intl2024,110101,Fatuwaque,Barique,Manatuto,110503,Abat Oan,1107,11,Manatuto,Barique,2,matched,0.78,name~Fatumaquerec(0.78); geom-paired
intl2024,110103,Barique,Barique,Manatuto,110504,Barique,1107,11,Manatuto,Barique,2,matched,1.00,
intl2024,110104,Manehat,Barique,Manatuto,110505,Manehat,1107,11,Manatuto,Barique,2,matched,1.00,
intl2024,110305,Orlalan,Laclubar,Manatuto,110601,Orlalan,1106,11,Manatuto,Laclubar,2,matched,1.00,
intl2024,110303,Funar,Laclubar,Manatuto,110602,Funar,1106,11,Manatuto,Laclubar,2,matched,1.00,
intl2024,110304,Manelima,Laclubar,Manatuto,110603,Manelima,1106,11,Manatuto,Laclubar,2,matched,1.00,
intl2024,110301,Batara,Laclubar,Manatuto,110604,Batara,1106,11,Manatuto,Laclubar,2,matched,1.00,
intl2024,110302,Fatumaquerec,Laclubar,Manatuto,110605,Fatumaquerec,1106,11,Manatuto,Laclubar,2,matched,1.00,
intl2024,110306,Sananain,Laclubar,Manatuto,110606,Sanana'in,1106,11,Manatuto,Laclubar,2,matched,1.00,
intl2024,110106,Sikone-Diloli,Barique,Manatuto,110701,Sikone-Diloli,1107,11,Manatuto,Barique,2,new,0.44,
intl2024,130309,Nipane,Pante Macassar,Oe-Cusse,120101,Nipani,1201,12,Oecusse,Pante Macasar,5,matched,0.83,
intl2024,130306,Lifau,Pante Macassar,Oe-Cusse,120102,Lifau,1201,12,Oecusse,Pante Macasar,5,matched,1.00,
intl2024,130303,Cunha,Pante Macassar,Oe-Cusse,120103,Cunha,1201,12,Oecusse,Pante Macasar,5,matched,1.00,
intl2024,130302,Costa,Pante Macassar,Oe-Cusse,120104,Costa,1201,12,Oecusse,Pante Macasar,5,matched,1.00,
intl2024,130310,Taiboco,Pante Macassar,Oe-Cusse,120105,Taiboco,1201,12,Oecusse,Pante Macasar,5,matched,1.00,
intl2024,130305,Lalisuc,Pante Macassar,Oe-Cusse,120106,Lalisuc,1201,12,Oecusse,Pante Macasar,5,matched,1.00,
intl2024,130301,Bobocase,Pante Macassar,Oe-Cusse,120107,Bobocase,1201,12,Oecusse,Pante Macasar,5,matched,1.00,
intl2024,130308,Naimeco,Pante Macassar,Oe-Cusse,120108,Naimeco,1201,12,Oecusse,Pante Macasar,5,matched,1.00,
intl2024,130304,Cutete,Pante Macassar,Oe-Cusse,120109,Cutete,1201,12,Oecusse,Pante Macasar,5,new,0.55,
intl2024,130307,Monemeco,Pante Macassar,Oe-Cusse,120110,Monemeco,1201,12,Oecusse,Pante Macasar,5,new,0.67,
intl2024,130105,Usitaco,Nitibe,Oe-Cusse,120201,Usi-Taco,1202,12,Oecusse,Nitibe,5,matched,1.00,
intl2024,130102,Beneufe,Nitibe,Oe-Cusse,120202,Bene-Ufe,1202,12,Oecusse,Nitibe,5,matched,1.00,
intl2024,130104,Suniufe,Nitibe,Oe-Cusse,120203,Suni-Ufe,1202,12,Oecusse,Nitibe,5,matched,1.00,
intl2024,130103,Lelaufe,Nitibe,Oe-Cusse,120204,Lela-Ufe,1202,12,Oecusse,Nitibe,5,matched,1.00,
intl2024,130101,Banafi,Nitibe,Oe-Cusse,120205,Banafi,1202,12,Oecusse,Nitibe,5,matched,1.00,
intl2024,130201,Bobometo,Oesilo,Oe-Cusse,120301,Bobometo,1203,12,Oecusse,Oesilo,5,matched,1.00,
intl2024,130202,Usitaqueno,Oesilo,Oe-Cusse,120302,Usi-Taqueno,1203,12,Oecusse,Oesilo,5,matched,1.00,
intl2024,130203,Usitasae,Oesilo,Oe-Cusse,120303,Usi-Tacae,1203,12,Oecusse,Oesilo,5,matched,0.88,
intl2024,130401,Abani,Passabe,Oe-Cusse,120401,Abani,1204,12,Oecusse,Passabe,5,matched,1.00,
intl2024,130402,Malelat,Passabe,Oe-Cusse,120402,Malelat,1204,12,Oecusse,Passabe,5,matched,1.00,
intl2024,140403,Irabin De Baixo,Uatucarbau,Viqueque,130101,Irabin de Baixo,1301,13,Viqueque,Uatucarbau,1,matched,1.00,
intl2024,140404,Irabin De Cima,Uatucarbau,Viqueque,130102,Irabin de Cima,1301,13,Viqueque,Uatucarbau,1,matched,1.00,
intl2024,140406,Uani Uma,Uatucarbau,Viqueque,130103,Uani Uma,1301,13,Viqueque,Uatucarbau,1,matched,1.00,
intl2024,140401,Afaloicai,Uatucarbau,Viqueque,130104,Afaloicai,1301,13,Viqueque,Uatucarbau,1,matched,1.00,
intl2024,140402,Bahatata,Uatucarbau,Viqueque,130105,Bahatata,1301,13,Viqueque,Uatucarbau,1,matched,1.00,
intl2024,140405,Loi Ulo,Uatucarbau,Viqueque,130106,Loi Ulu,1301,13,Viqueque,Uatucarbau,1,matched,1.00,
intl2024,140210,Uaibobo,Ossu,Viqueque,130201,Uaibobo,1302,13,Viqueque,Ossu,1,matched,1.00,
intl2024,140201,Builale,Ossu,Viqueque,130202,Builale,1302,13,Viqueque,Ossu,1,matched,1.00,
intl2024,140205,Nahareca,Ossu,Viqueque,130203,Nahareca,1302,13,Viqueque,Ossu,1,matched,1.00,
intl2024,140207,Ossu De Cima,Ossu,Viqueque,130204,Ossu de Cima,1302,13,Viqueque,Ossu,1,matched,1.00,
intl2024,140209,Uaguia,Ossu,Viqueque,130205,Uagia,1302,13,Viqueque,Ossu,1,matched,0.91,
intl2024,140206,Ossorua,Ossu,Viqueque,130206,Ossorua,1302,13,Viqueque,Ossu,1,matched,1.00,
intl2024,140204,Loi-Huno,Ossu,Viqueque,130207,Loi-Huno,1302,13,Viqueque,Ossu,1,matched,1.00,
intl2024,140208,Uabubo,Ossu,Viqueque,130208,Uabubo,1302,13,Viqueque,Ossu,1,matched,1.00,
intl2024,140203,Liaruca,Ossu,Viqueque,130209,Liaruca,1302,13,Viqueque,Ossu,1,matched,1.00,
intl2024,140202,Builo,Ossu,Viqueque,130210,Builo,1302,13,Viqueque,Ossu,1,new,0.73,
intl2024,140303,Macadique de Baixo,Uato-Lari,Viqueque,130301,Macadique,1303,13,Viqueque,Watulari,1,matched,0.72,
intl2024,140307,Uaitame,Uato-Lari,Viqueque,130302,Uaitame,1303,13,Viqueque,Watulari,1,matched,1.00,
intl2024,140306,Matahoi,Uato-Lari,Viqueque,130303,Matahoi,1303,13,Viqueque,Watulari,1,matched,1.00,
intl2024,140308,Vessoru,Uato-Lari,Viqueque,130304,Vessoru,1303,13,Viqueque,Watulari,1,matched,1.00,
intl2024,140302,Babulo,Uato-Lari,Viqueque,130305,Babulo,1303,13,Viqueque,Watulari,1,matched,1.00,
intl2024,140301,Afaloicai,Uato-Lari,Viqueque,130306,Afaloicai,1303,13,Viqueque,Watulari,1,matched,1.00,name~Afaloicai(1.00); geom-paired
intl2024,140304,Macadique de Cima,Uato-Lari,Viqueque,130307,Macadique de Cima,1303,13,Viqueque,Watulari,1,new,0.75,
intl2024,140305,Macadique Uaitame,Uato-Lari,Viqueque,130308,Macadique Uaitame,1303,13,Viqueque,Watulari,1,new,0.72,
intl2024,140509,Uma Uain Craic,Viqueque,Viqueque,130401,Uma Uain Craic,1304,13,Viqueque,Viqueque,1,matched,1.00,
intl2024,140501,Bahalarauain,Viqueque,Viqueque,130402,Bahalarauain,1304,13,Viqueque,Viqueque,1,matched,1.00,
intl2024,140508,Uma Quic,Viqueque,Viqueque,130403,Uma Quic,1304,13,Viqueque,Viqueque,1,matched,1.00,
intl2024,140502,Bibileo,Viqueque,Viqueque,130404,Bibileo,1304,13,Viqueque,Viqueque,1,matched,1.00,
intl2024,140504,Fatudere,Viqueque,Viqueque,130405,Watu Dere,1304,13,Viqueque,Viqueque,1,matched,1.00,
intl2024,140507,Uai-Mori,Viqueque,Viqueque,130406,Uai-Mori,1304,13,Viqueque,Viqueque,1,matched,1.00,
intl2024,140503,Caraubalo,Viqueque,Viqueque,130407,Caraubalo,1304,13,Viqueque,Viqueque,1,matched,1.00,
intl2024,140510,Uma Uain Leten,Viqueque,Viqueque,130408,Uma Uain Leten,1304,13,Viqueque,Viqueque,1,matched,1.00,
intl2024,140506,Maluru,Viqueque,Viqueque,130409,Maluru,1304,13,Viqueque,Viqueque,1,matched,1.00,
intl2024,140505,Luca,Viqueque,Viqueque,130410,Luca,1304,13,Viqueque,Viqueque,1,matched,1.00,
intl2024,140103,Laline,Lacluta,Viqueque,130501,Laline,1305,13,Viqueque,Lacluta,1,matched,1.00,
intl2024,140104,Uma Tolu,Lacluta,Viqueque,130502,Uma Tolu,1305,13,Viqueque,Lacluta,1,matched,1.00,
intl2024,140101,Ahic,Lacluta,Viqueque,130503,Ahic,1305,13,Viqueque,Lacluta,1,matched,1.00,
intl2024,140102,Dilor,Lacluta,Viqueque,130504,Dilor,1305,13,Viqueque,Lacluta,1,matched,1.00,
intl2024,030105,Vila Maumeta,Atauro,Atauro,60401,Atauro Vila/Maumeta,604,14,Atauro,Atauro,3,matched,0.79,
intl2024,030104,Maquili,Atauro,Atauro,60402,Maquili,604,14,Atauro,Atauro,3,matched,1.00,
intl2024,030101,Beloi,Atauro,Atauro,60403,Beloi,604,14,Atauro,Atauro,3,matched,1.00,
intl2024,030103,Macadade,Atauro,Atauro,60404,Macadade,604,14,Atauro,Atauro,3,matched,1.00,
intl2024,030102,Biqueli,Atauro,Atauro,60405,Biceli,604,14,Atauro,Atauro,3,matched,1.00,
